{
    "data": {
        "grades": {
            "A": {
                "A1": {

                    "Science": 1,
                    "History": 1,
                    "geography": 1
                    
                },
                "A2": {

                    "Science": 1,
                    "History": 1
                }
            }
        },
        "teachers": {
            "Smith": [16, ["Math", "History", "Science", "English"], [ "Friday", "Monday"]],
            "Johnson": [16, ["English", "Math", "Science", " History"], ["Friday"]],
            "Williams": [16, ["Science", "English", "geography", "Math"], [ "N"]]
        },


        "groups":{
            "A":{
                "Math":[3,2],
                "English":[3,2]
            },
            "B":{
                "Math":[3,2],
                "English":[3,2]
            }
        },
        "lectures": [ "History", "Science",  "geography"],
        
        "classroom": ["A1","A2","B1","B2"],
        "time_slots": ["8-9", "9-10", "11-12", "12-13", "12-14", "14-15", "15-16", "16-17"],
        "days": ["Sunday", "Monday", "Tuesday", "Wednesday", "Thursday", "Friday"]
    }
}