{
    "data": {
        
        "grades": {
            "ט": {
                "ט1": {

                    "Math": 4,
                    "English": 3,
                    "Science": 3,
                    "History": 3,
                    "geography": 3
                    
                },
                "ט2": {
                    "Math": 3,
                    "English": 3,
                    "Science": 3,
                    "History": 3
                }
            },
            "י": {
                "י1": {
                    "Math": 2,
                    "English": 2,
                    "Science": 2,
                    "History": 2
                },
                "י2": {
                    "Math": 2,
                    "English": 2,
                    "Science": 2,
                    "History": 2
                }
            },
            "יא": {
                "יא1": {
                    "Math": 2,
                    "English": 2,
                    "Science": 2,
                    "History": 2
                }
            },
            "יב": {
                "יב1": {
                    "Math": 2,
                    "English": 2,
                    "Science": 2,
                    "History": 2
                }
            }
        },
        "teachers": {
            "אביבה": [25,["נביא", "מתמטיקה", "דינים", " פרה״ש"], [ "Wednesday",  "Friday"]],
            "תמר": [15,["מנהל וכלכלה", "חשבונאות", " פרה״ש"], [ "Wednesday",  "Friday"]],
            "שרה": [20, ["מתמטיקה"], [ "Tuesday",  "Friday"]],
            "אסתר": [22,["הבעה","לשון","חינוך","תורה"]],
            "ליאורה":[9,["אנגלית"],[ "Monday", "Thursday"]],
            "שיאול":[7, ["הבעה","לשון"],[ "Sunday", "Thursday","Wednesday","Tuesday","Friday"]],
            "אריאלי": [4, ["מוט״ב"],[ "Sunday", "Monday","Wednesday","Friday"]],
            "זהבי":[15,["לשון","הבעה","יהדות"],[ "Sunday","Tuesday","Friday"]],
            "זהבית":[16,["תורה","דינים","חינוך"],[ "Sunday","Thursday"]],
            "חדווה":[5,["השקפה"],[ "Sunday","Monday","Wednesday","Thursday","Friday"]],
            "יעלה":[22,["אנגלית"],[ "Tuesday","Friday"]],
            "בלומי":[15,["חינוך","דינים","תורה","השקפה","יהדות"],[ "Monday","Thursday"]],
            "חיה": [20,["מנהל וכלכלה", "חשבונאות", " מתמטיקה"], [ "Sunday",  "Friday"]],
            "רות":[22,["מתמטיקה"],["Tuesday","Friday"]],
            "שושי":[24,["אנגלית", "יהדות","לשון"],["Tuesday","Friday"]],
            "מינה":[8,["אנגלית"],["Tuesday","Thursday","Friday"]],
            "מלכי":[9,["אנגלית"],["Sunday","Tuesday","Wednesday","Friday"]],
            "פרלט":[9,["התעמלות"],["Monday","Tuesday","Wednesday","Thursday","Friday"]],
            "שולמית ק":[20,["מתמטיקה","Tuesday","Friday"]],
            "רעיה":[8,["מנהל וכלכלה", "חשבונאות"],["Sunday","Monday","Tuesday","Thursday","Friday"]],
            "שולמית":[24,["היסטוריה","דינים","פרה״ש"],"monday","thursday"],
            "שרה ח":[18,["יהדות","תורה","אסטראגיות","הבעה","חינוך"],["Tuesday","thursday"]],
            "שרי": [25,["מוט״ב","ספרות","חינוך","תורה","הבעה"],["Tuesday","Friday"]],
            "תמי": [15,["אזרחות","תורה", "חינוך"],["Tuesday","Thursday"]]

        },
        "classroom":["ט1","ט2","י1","י2","יא1","יב1"],
        "lectures":["מתמטיקה","אנגלית","הבעה","לשון","חינוך","תורה","דינים","יהדות","מוט״ב","ספרות","היסטוריה","פרה״ש","אזרחות","חשבונאות","מנהל וכלכלה","השקפה","אסטראגיות","התעמלות"],
        "time_slots": ["8-9", "9-10", "11-12", "12-13", "12-14", "14-15", "15-16", "16-17"],
        "days": ["Sunday", "Monday", "Tuesday", "Wednesday", "Thursday", "Friday"],
        "groups": ["ט", "י", "יא", "יב"]
    }
}