{
    "data": {
        "grades": {
            "A": {
                "A1": {

                    "Science": [3,"Williams"],
                    "History": [3, "Johnson"],
                    "geography": [3, "Smith"],
                    "Math": [3, "Johnson"]
                    
                },
                "A2": {

                    "Science": [3,"Williams"],
                    "History": [3, "Johnson"]
                }
            },
            "B": {
                "B1": {

                    "Science": [3,"Smith"],
                    "History": [3, "Johnson"],
                    "Math": [3, "Williams"]

                },
                "B2": {

                    "Science": [3,"Smith"],
                    "History": [3,"Smith"],
                    "Math": [3, "Williams"]
                }
            }
        },
        "teachers": {
            "Smith": [16, ["Math", "History", "Science", "English", "Math"], [ "Friday", "Monday"]],
            "Johnson": [16, ["English", "Math", "Science", " History"], ["Friday"]],
            "Williams": [16, ["Science", "English", "geography", "Math"], [ "N"]]
        },
        
        "lectures": [ "History", "Science",  "geography", "Math", "English"],      
        "classroom": ["A1","A2","B1","B2"],
        "time_slots": ["8-9", "9-10", "11-12", "12-13", "12-14", "14-15", "15-16", "16-17"],
        "days": ["Sunday", "Monday", "Tuesday", "Wednesday", "Thursday", "Friday"]
    }
}
